
{
    "namespace": "server_form",
    "third_party_server_screen@common.base_screen":{
        "$screen_content":"server_form.jsonuimaker_main_content",
        "button_mappings":[
           {
              "from_button_id":"button.menu_cancel",
              "to_button_id":"button.menu_exit",
              "mapping_type":"global"
           }
        ]
    },
    "jsonuimaker_main_content": {
        "type": "panel",
        "controls": [
            {
                "server_form_factory": {
                    "type": "factory",
                    "control_ids": {
                        "long_form": "@server_form.jsonuimaker_long_form_selection",
                        "custom_form": "@server_form.custom_form"
                    }
                }
            }
        ]
    },
    "jsonuimaker_long_form_selection": {
        "type": "panel",
        "$flag": "§0§r",
        "controls": [
            {
                "long_form@long_form": {
                    "bindings": [
                       {
                          "binding_type": "global",
                          "binding_condition": "none",
                          "binding_name": "#title_text",
                          "binding_name_override": "#title_text"
                       },
                       {
                          "source_property_name": "((#title_text - $flag) = #title_text)",
                          "binding_type": "view",
                          "target_property_name": "#visible"
                       }
                    ]
                }
            },
            {
                "jsonuimaker_NAMESPACE@NAMESPACE.jsonuimaker_NAMESPACE": {
                    "bindings": [
                        {
                            "binding_type": "global",
                            "binding_condition": "none",
                            "binding_name": "#title_text",
                            "binding_name_override": "#title_text"
                        },
                        {
                           "source_property_name": "(not ((#title_text - $flag) = #title_text))",
                           "binding_type": "view",
                           "target_property_name": "#visible"
                        }
                    ]
                }
            }
        ]
    }
}